"Country/Region","Date","R","ci_95_u","ci_95_l","ci_65_u","ci_65_l","days_infectious","last_updated"
"Georgia",2020-03-31,0.871939679335778,1.32289904396777,0.387525897583228,1.09024429806896,0.65213499832664,7,2021-03-08
"Georgia",2020-04-01,0.895388196711644,1.30455084679916,0.463150828118323,1.09262202585776,0.698133268237697,7,2021-03-08
"Georgia",2020-04-02,0.945347925556317,1.3360350884397,0.550370675932441,1.12750149907394,0.763213246009688,7,2021-03-08
"Georgia",2020-04-03,0.965056815214816,1.342395657152,0.594115707749727,1.1403763989342,0.788963755274066,7,2021-03-08
"Georgia",2020-04-04,0.939691453577746,1.29404966949663,0.570518369700653,1.11071014060989,0.768663532098407,7,2021-03-08
"Georgia",2020-04-05,0.948074805436558,1.30000100649954,0.583851093446547,1.11752466473937,0.781657422265783,7,2021-03-08
"Georgia",2020-04-06,0.958396699520301,1.30877319444778,0.59512996343743,1.12751090480154,0.793043414719831,7,2021-03-08
"Georgia",2020-04-07,0.959813871483284,1.30200163410646,0.597858885235457,1.12529368163117,0.796720696581504,7,2021-03-08
"Georgia",2020-04-08,0.988076887310657,1.33265847154004,0.630699848003313,1.15274650687361,0.825382193115283,7,2021-03-08
"Georgia",2020-04-09,0.997939287333894,1.34458280747614,0.648230672844104,1.16030624591395,0.836411794245361,7,2021-03-08
"Georgia",2020-04-10,1.04147375307261,1.39359132698305,0.697643561227807,1.20348611109558,0.879315850724215,7,2021-03-08
"Georgia",2020-04-11,1.06285883153838,1.41392466939513,0.720835685261421,1.22622588250823,0.900915401175915,7,2021-03-08
"Georgia",2020-04-12,1.11801367233606,1.49173210579536,0.773536307757255,1.28530207698667,0.951694187548832,7,2021-03-08
"Georgia",2020-04-13,1.16466740956056,1.5553588931492,0.813493127330166,1.34004848338721,0.990985351573772,7,2021-03-08
"Georgia",2020-04-14,1.21252040521624,1.6452606997755,0.85048036787271,1.39664671278464,1.02677800146346,7,2021-03-08
"Georgia",2020-04-15,1.18903865748561,1.5993670904349,0.838367327686199,1.36538478914506,1.00880406178318,7,2021-03-08
"Georgia",2020-04-16,1.23156079748329,1.68086929917212,0.863804124732578,1.42607448159016,1.03395644826378,7,2021-03-08
"Georgia",2020-04-17,1.1400279094608,1.52600200675161,0.796247498506122,1.31372675792471,0.969525859117514,7,2021-03-08
"Georgia",2020-04-18,1.04553128698091,1.40009443816435,0.700629530724826,1.20710487419019,0.885377539331466,7,2021-03-08
"Georgia",2020-04-19,0.954339498121024,1.29660790926099,0.573203950684677,1.11798620298725,0.792051374339208,7,2021-03-08
"Georgia",2020-04-20,0.911093099787343,1.26193700973317,0.509947554582604,1.0838579575525,0.741258402693928,7,2021-03-08
"Georgia",2020-04-21,0.895695078170237,1.24172290075917,0.491766711489968,1.06959752876822,0.724026153447246,7,2021-03-08
"Georgia",2020-04-22,0.913137234890929,1.25404363131522,0.528321257217069,1.08272052679397,0.745912006029561,7,2021-03-08
"Georgia",2020-04-23,0.95327405375714,1.29438414182724,0.593693597102533,1.11629867866656,0.790294666212826,7,2021-03-08
"Georgia",2020-04-24,1.01508428095049,1.37066324661899,0.671078072413128,1.17714635307661,0.853909445119255,7,2021-03-08
"Georgia",2020-04-25,1.03763659870525,1.40858098880162,0.696505912941269,1.20207736008904,0.873171030691687,7,2021-03-08
"Georgia",2020-04-26,1.07342585349581,1.46747896556936,0.729909753367524,1.24406395954595,0.900930016232046,7,2021-03-08
"Georgia",2020-04-27,1.02234897292504,1.39589433720491,0.680915716812185,1.18592350272738,0.858417087878736,7,2021-03-08
"Georgia",2020-04-28,0.997801574552416,1.35523033493283,0.658328541214202,1.15906991164868,0.834985566932004,7,2021-03-08
"Georgia",2020-04-29,0.980107195663863,1.3399594604256,0.637561134096362,1.13836635040432,0.820259518716245,7,2021-03-08
"Georgia",2020-04-30,1.00655054525543,1.3883189855841,0.668927613168144,1.17096941491379,0.843497608122197,7,2021-03-08
"Georgia",2020-05-01,0.988495288818572,1.3746160872463,0.64711073433945,1.15323309593926,0.825784321086988,7,2021-03-08
"Georgia",2020-05-02,0.909640714427526,1.26234550287644,0.56333366269379,1.06754146157508,0.751036852725392,7,2021-03-08
"Georgia",2020-05-03,0.824792361456479,1.16159359571762,0.459162260928865,0.98820230017008,0.658965507092544,7,2021-03-08
"Georgia",2020-05-04,0.769038365466275,1.10834221357766,0.385815978661614,0.938956988158316,0.598080041269794,7,2021-03-08
"Georgia",2020-05-05,0.749316262708862,1.08632482368182,0.367230517281001,0.920423870805502,0.578349445868259,7,2021-03-08
"Georgia",2020-05-06,0.721459459138509,1.06119782874924,0.332446973382011,0.898048657009246,0.545813948809441,7,2021-03-08
"Georgia",2020-05-07,0.70920356275087,1.04966669804334,0.310920289544884,0.886531762516067,0.531837991380053,7,2021-03-08
"Georgia",2020-05-08,0.715892827487636,1.0575025728566,0.33053891997782,0.890399618478589,0.541306368293659,7,2021-03-08
"Georgia",2020-05-09,0.718693550909217,1.06163328586972,0.330724882431989,0.892194024943106,0.545997500151378,7,2021-03-08
"Georgia",2020-05-10,0.749316149065832,1.0900114482892,0.366386625179022,0.917616363387869,0.58085322332757,7,2021-03-08
"Georgia",2020-05-11,0.764129644187101,1.10091495297402,0.387596881409166,0.931208515866986,0.597463084461486,7,2021-03-08
"Georgia",2020-05-12,0.809764879680245,1.14946081193421,0.439871718575976,0.971330275881181,0.647753652325366,7,2021-03-08
"Georgia",2020-05-13,0.880647516496279,1.24144918131061,0.534472973009518,1.04173411858092,0.718487645767372,7,2021-03-08
"Georgia",2020-05-14,0.972124978875618,1.38935176689403,0.623421734546009,1.1478575857134,0.796058012922882,7,2021-03-08
"Georgia",2020-05-15,0.93801165029991,1.32071760719798,0.598909832515896,1.10303830758667,0.771606262744547,7,2021-03-08
"Georgia",2020-05-16,0.945774459050516,1.32622627311662,0.603817784753301,1.11197378315754,0.778797821731739,7,2021-03-08
"Georgia",2020-05-17,0.920299942423719,1.28619894696812,0.577643232351544,1.08440315507035,0.756956308451608,7,2021-03-08
"Georgia",2020-05-18,0.865991375101042,1.21398363760825,0.513653406179451,1.02737949890856,0.707753646824311,7,2021-03-08
"Georgia",2020-05-19,0.82872325128043,1.16687686432747,0.46804282399733,0.991648358382408,0.665751514180898,7,2021-03-08
"Georgia",2020-05-20,0.801396725467407,1.13830311940161,0.429431975079965,0.967325293863232,0.635497278103205,7,2021-03-08
"Georgia",2020-05-21,0.780852473372798,1.11998153515191,0.402808806264876,0.949338711434436,0.613818671421281,7,2021-03-08
"Georgia",2020-05-22,0.741644401187946,1.08826711153529,0.339582389203208,0.920969781508763,0.562194432860689,7,2021-03-08
"Georgia",2020-05-23,0.73765328911178,1.09050392952268,0.321456708671524,0.922289774319674,0.55492499010778,7,2021-03-08
"Georgia",2020-05-24,0.73120019763641,1.08871499916583,0.299419061540549,0.921176902993626,0.542140634796357,7,2021-03-08
"Georgia",2020-05-25,0.752599773956,1.10951108088126,0.320971649826382,0.939652070396543,0.56397497411417,7,2021-03-08
"Georgia",2020-05-26,0.814219180011891,1.16004957700791,0.406892267977659,0.989209546575978,0.639185450898547,7,2021-03-08
"Georgia",2020-05-27,0.918510772232809,1.25492863106388,0.556401622725501,1.07995644346684,0.758818901215691,7,2021-03-08
"Georgia",2020-05-28,1.04610444876487,1.41401866063041,0.709419137766514,1.20938710218583,0.882293571178396,7,2021-03-08
"Georgia",2020-05-29,1.20555200110946,1.67414801420556,0.829238090450301,1.40736407039825,1.0020343037353,7,2021-03-08
"Georgia",2020-05-30,1.32356405024731,1.89831217395114,0.889155797443785,1.57389824127404,1.07365315365764,7,2021-03-08
"Georgia",2020-05-31,1.38142155693903,2.02589878749306,0.909583616834206,1.65769982449209,1.10252849299034,7,2021-03-08
"Georgia",2020-06-01,1.214834182131,1.66832076924217,0.847377519314399,1.41253853378991,1.01723698506213,7,2021-03-08
"Georgia",2020-06-02,1.05012833585419,1.40323116976209,0.710692361346464,1.21063073891374,0.89212799634526,7,2021-03-08
"Georgia",2020-06-03,0.951205650065321,1.28937535638326,0.581315686326557,1.11426369812764,0.788349931531789,7,2021-03-08
"Georgia",2020-06-04,0.882605200050672,1.22870909506916,0.475701787897291,1.05608527654517,0.70958881049684,7,2021-03-08
"Georgia",2020-06-05,0.865224628176138,1.21231153506501,0.441422613984624,1.04149961412642,0.688227381207149,7,2021-03-08
"Georgia",2020-06-06,0.860732025432424,1.20847619038324,0.437360490022704,1.0397603655579,0.682586331215212,7,2021-03-08
"Georgia",2020-06-07,0.881875926888036,1.2272756672067,0.459167128142231,1.0558563357048,0.709352808957577,7,2021-03-08
"Georgia",2020-06-08,0.951470500951021,1.29225638319137,0.578050098416464,1.11586113774719,0.789671834399468,7,2021-03-08
"Georgia",2020-06-09,1.0449829116862,1.40689324599103,0.701454707418365,1.20505197041767,0.882077901124694,7,2021-03-08
"Georgia",2020-06-10,1.12260763911341,1.51853969164251,0.776954235493194,1.29480452351717,0.950861851929333,7,2021-03-08
"Georgia",2020-06-11,1.15018226448654,1.55139790797075,0.802802776436466,1.32782843045217,0.973016455210043,7,2021-03-08
"Georgia",2020-06-12,1.21348300479581,1.66343835441067,0.847637615942411,1.408411343715,1.01657086381678,7,2021-03-08
"Georgia",2020-06-13,1.20358086012953,1.64533619127536,0.844596609901223,1.39661476035862,1.00987242421751,7,2021-03-08
"Georgia",2020-06-14,1.19229182984898,1.63988176886909,0.835160948963132,1.38509421426447,0.998932948020229,7,2021-03-08
"Georgia",2020-06-15,1.12777100625907,1.54071940854721,0.78230505113141,1.30614835129765,0.952171238201121,7,2021-03-08
"Georgia",2020-06-16,1.00038799898369,1.35169455887951,0.659177021498169,1.15804310319485,0.840569484789932,7,2021-03-08
"Georgia",2020-06-17,0.949478687629136,1.29539576021687,0.598962288210413,1.10835296278591,0.788896272510678,7,2021-03-08
"Georgia",2020-06-18,0.876694821698549,1.21862963195439,0.501422768140145,1.04202933337331,0.712012952902394,7,2021-03-08
"Georgia",2020-06-19,0.8193099385279,1.15803914760226,0.425721407115119,0.994277229897541,0.647320240072095,7,2021-03-08
"Georgia",2020-06-20,0.788183584110893,1.13088823729243,0.394600930463,0.963946883384633,0.612665304992937,7,2021-03-08
"Georgia",2020-06-21,0.790494504985463,1.12869012619482,0.41806652359628,0.961449651602843,0.619724668652112,7,2021-03-08
"Georgia",2020-06-22,0.746655265243459,1.09514534927274,0.358868398595932,0.924874503859214,0.569939989355636,7,2021-03-08
"Georgia",2020-06-23,0.731351354678654,1.08637320563338,0.331573064830735,0.913047940608665,0.551769164530706,7,2021-03-08
"Georgia",2020-06-24,0.725830972017518,1.07832956708496,0.31503505055081,0.911052188349113,0.542859737891272,7,2021-03-08
"Georgia",2020-06-25,0.726935440081323,1.08463507049629,0.312883801393173,0.912346299859203,0.541596191810413,7,2021-03-08
"Georgia",2020-06-26,0.733823274395995,1.08856669864636,0.322235657190097,0.9194321701167,0.549844315967262,7,2021-03-08
"Georgia",2020-06-27,0.758936430764214,1.10982498561856,0.355479257890914,0.943891574771402,0.577375939906337,7,2021-03-08
"Georgia",2020-06-28,0.801000529275669,1.14276204577223,0.411217074194526,0.976914779465098,0.628178698900118,7,2021-03-08
"Georgia",2020-06-29,0.84144498381713,1.17642167035181,0.460929362340803,1.01235802421566,0.671717918263399,7,2021-03-08
"Georgia",2020-06-30,0.903913217085503,1.23907844120326,0.542971786533337,1.06690232233306,0.739987169090793,7,2021-03-08
"Georgia",2020-07-01,0.990753072802774,1.34463818591357,0.644669886680917,1.15132709013037,0.827609469634367,7,2021-03-08
"Georgia",2020-07-02,1.0834005335547,1.46326658611843,0.742085570877157,1.25052259978782,0.915307343203827,7,2021-03-08
"Georgia",2020-07-03,1.07687212811266,1.43557483328383,0.738675418946234,1.23943962503036,0.914495975820241,7,2021-03-08
"Georgia",2020-07-04,1.07669594493214,1.42935494701401,0.737729594015369,1.23887388295375,0.915476273512365,7,2021-03-08
"Georgia",2020-07-05,1.06441843995578,1.41101340557763,0.709280315100711,1.22589056335503,0.902974069004974,7,2021-03-08
"Georgia",2020-07-06,1.07699916795655,1.42219699664711,0.720082005576372,1.238730685658,0.917249350071001,7,2021-03-08
"Georgia",2020-07-07,1.13174835086345,1.47896491199506,0.781671820947956,1.29421747314604,0.972786741548662,7,2021-03-08
"Georgia",2020-07-08,1.16985748265411,1.52850274504187,0.823535851664432,1.33204456472723,1.00821542607369,7,2021-03-08
"Georgia",2020-07-09,1.19861456288895,1.56282147081185,0.859506362292017,1.36111241811442,1.03592038543444,7,2021-03-08
"Georgia",2020-07-10,1.22573496399663,1.58851593100197,0.885898828066176,1.38770810157758,1.06366669541402,7,2021-03-08
"Georgia",2020-07-11,1.25746910785058,1.63254018576193,0.917746275238431,1.42207179383765,1.0927722347646,7,2021-03-08
"Georgia",2020-07-12,1.24457453868567,1.60638973401588,0.90317215124047,1.40749228776792,1.08290902702767,7,2021-03-08
"Georgia",2020-07-13,1.24846974921287,1.59932919955982,0.909493660940162,1.40898345003894,1.08818944686635,7,2021-03-08
"Georgia",2020-07-14,1.20615514049496,1.54810024386021,0.851850503985947,1.36795426377391,1.04563996766843,7,2021-03-08
"Georgia",2020-07-15,1.20003755025317,1.53975696002687,0.838887943860242,1.36191158972398,1.0395303313529,7,2021-03-08
"Georgia",2020-07-16,1.20791419360353,1.55024657737109,0.835292363960709,1.37163420532239,1.04648482738507,7,2021-03-08
"Georgia",2020-07-17,1.27868162982144,1.62699245371828,0.927905799180714,1.44106740237126,1.11629603106989,7,2021-03-08
"Georgia",2020-07-18,1.38040875603552,1.75558640385355,1.03808267328942,1.55211874729832,1.20987668355263,7,2021-03-08
"Georgia",2020-07-19,1.45920568554621,1.87866560707613,1.09545713983889,1.64861213731464,1.26869542828306,7,2021-03-08
"Georgia",2020-07-20,1.50564905740408,1.95507708363497,1.11662122549519,1.7094363447848,1.30174595300554,7,2021-03-08
"Georgia",2020-07-21,1.53075369886337,1.99257402319961,1.12851968116642,1.74545152829179,1.31612002799096,7,2021-03-08
"Georgia",2020-07-22,1.56409089824288,2.0875985572135,1.13442575516347,1.79713758193377,1.32805980760914,7,2021-03-08
"Georgia",2020-07-23,1.46738283000521,1.91195289890231,1.09460601725543,1.66365132626905,1.26916536682674,7,2021-03-08
"Georgia",2020-07-24,1.39263270688871,1.80708356894164,1.0440970046737,1.57367418632147,1.21122760839298,7,2021-03-08
"Georgia",2020-07-25,1.28232312604407,1.65220781481803,0.94588871963437,1.44326449018348,1.11899766977637,7,2021-03-08
"Georgia",2020-07-26,1.18267617628314,1.52895180844265,0.834303293108481,1.33940830337564,1.0254753187137,7,2021-03-08
"Georgia",2020-07-27,1.079587680729,1.41577090186849,0.694097470635279,1.24632340569861,0.910240835179695,7,2021-03-08
"Georgia",2020-07-28,1.01568891563534,1.36199427420689,0.614413066460934,1.19073087961663,0.841246756164961,7,2021-03-08
"Georgia",2020-07-29,0.969747901153478,1.32012568736955,0.557818798342582,1.15281423402904,0.787780893222617,7,2021-03-08
"Georgia",2020-07-30,0.920532380459446,1.28181027184412,0.488523286193531,1.11547731895519,0.729251072714103,7,2021-03-08
"Georgia",2020-07-31,0.899456402864387,1.26377362083535,0.461728214677855,1.09525126032948,0.705369004654717,7,2021-03-08
"Georgia",2020-08-01,0.877303965628414,1.25109521476492,0.42833830193007,1.08105674710614,0.675566561195688,7,2021-03-08
"Georgia",2020-08-02,0.892428093222533,1.26032600395133,0.446029334927861,1.09152409624852,0.696586513027506,7,2021-03-08
"Georgia",2020-08-03,0.916311723940193,1.27410741073246,0.484444781763998,1.10775818799815,0.727064130550919,7,2021-03-08
"Georgia",2020-08-04,0.983867456212034,1.31960450385037,0.59815978786135,1.15884305222767,0.808549553765474,7,2021-03-08
"Georgia",2020-08-05,1.09192637911417,1.4379997663942,0.739966878536708,1.25355320345225,0.929961653385988,7,2021-03-08
"Georgia",2020-08-06,1.1130538070537,1.45828633637832,0.760426874452199,1.27114575694242,0.95133660818317,7,2021-03-08
"Georgia",2020-08-07,1.13013846807413,1.47360493745952,0.781210546602021,1.28788984433843,0.971187222462017,7,2021-03-08
"Georgia",2020-08-08,1.16794960881339,1.5109595708384,0.820976881239727,1.3242132030113,1.00870710570988,7,2021-03-08
"Georgia",2020-08-09,1.2654943459737,1.6536784381912,0.924337692463988,1.43502791661052,1.09837856936344,7,2021-03-08
"Georgia",2020-08-10,1.36718948548448,1.83809050983742,0.999011998389143,1.56405071874853,1.17304013879413,7,2021-03-08
"Georgia",2020-08-11,1.32574033820007,1.7485754959894,0.978532436415974,1.50498023039006,1.14638353533021,7,2021-03-08
"Georgia",2020-08-12,1.28299956449327,1.66918934286081,0.940276412169524,1.44981769227093,1.11667821077257,7,2021-03-08
"Georgia",2020-08-13,1.23879858250617,1.60228597318204,0.895485308096041,1.40176143381931,1.07550590224275,7,2021-03-08
"Georgia",2020-08-14,1.25621261309622,1.63530715256926,0.909913905124427,1.4194899541552,1.09138899685586,7,2021-03-08
"Georgia",2020-08-15,1.19888525342452,1.55625874589868,0.853765840677928,1.35771240152766,1.03605784869211,7,2021-03-08
"Georgia",2020-08-16,1.14034366296002,1.47547441515894,0.782912992112743,1.30241163228291,0.978358487270245,7,2021-03-08
"Georgia",2020-08-17,1.07387196176314,1.40736832326777,0.685604388879107,1.24501065143645,0.902706375991548,7,2021-03-08
"Georgia",2020-08-18,1.05763365427279,1.39862329825729,0.6699286331706,1.23286612829557,0.88473818825,7,2021-03-08
"Georgia",2020-08-19,1.05178947997523,1.39485067316058,0.664583864064067,1.22893938967989,0.877829560098984,7,2021-03-08
"Georgia",2020-08-20,1.05581148349501,1.4013725771872,0.66852840208474,1.23171792968047,0.883180383143143,7,2021-03-08
"Georgia",2020-08-21,1.07721432473377,1.42149723226932,0.702442014095693,1.25107888028317,0.905960820380508,7,2021-03-08
"Georgia",2020-08-22,1.07299856040432,1.42479826901627,0.685309513679998,1.24805489504444,0.898448632569313,7,2021-03-08
"Georgia",2020-08-23,1.0872904856482,1.43841087165475,0.701602796299941,1.26289238096731,0.913851682914672,7,2021-03-08
"Georgia",2020-08-24,1.06573914206839,1.42579444105579,0.660460433789815,1.24977167469099,0.884547493285076,7,2021-03-08
"Georgia",2020-08-25,1.05876285966834,1.42926346701857,0.635548367813015,1.25370691711116,0.866670705633845,7,2021-03-08
"Georgia",2020-08-26,1.0739077720869,1.44353478564789,0.638944577628427,1.27060796987438,0.878391733598836,7,2021-03-08
"Georgia",2020-08-27,1.11578797174092,1.47688245956293,0.691227095423854,1.30846399209752,0.925152047908352,7,2021-03-08
"Georgia",2020-08-28,1.1593533642605,1.51624687791365,0.728991909295491,1.34953205249357,0.970779434820115,7,2021-03-08
"Georgia",2020-08-29,1.22816038183594,1.57039860549817,0.821232589629042,1.41003611448361,1.04994948816538,7,2021-03-08
"Georgia",2020-08-30,1.33427044288284,1.67348973812066,0.956397121706319,1.49986911805689,1.17116659428484,7,2021-03-08
"Georgia",2020-08-31,1.48641879360285,1.84909226676786,1.1461915977984,1.6439690366343,1.32721140117777,7,2021-03-08
"Georgia",2020-09-01,1.60500102900527,2.00293842412948,1.26066479190233,1.77508542830802,1.43314994156148,7,2021-03-08
"Georgia",2020-09-02,1.68731925814588,2.10788698911399,1.33604802171238,1.86928324458697,1.50446425158607,7,2021-03-08
"Georgia",2020-09-03,1.6696978839269,2.04749817275076,1.3346902191015,1.83456204672314,1.50170988637549,7,2021-03-08
"Georgia",2020-09-04,1.68566907433214,2.04920161865556,1.34819429929512,1.84950640933952,1.52106842701816,7,2021-03-08
"Georgia",2020-09-05,1.70403104811553,2.06363502209304,1.36054402812878,1.86622225330008,1.53958027121575,7,2021-03-08
"Georgia",2020-09-06,1.74691999071347,2.11048581837517,1.40356777081922,1.91338011381603,1.58074525542918,7,2021-03-08
"Georgia",2020-09-07,1.80964379198128,2.18319991486927,1.46199829939102,1.97887495075431,1.64027128351222,7,2021-03-08
"Georgia",2020-09-08,1.88278159650116,2.26587573324732,1.52534948448574,2.05944369493601,1.70472183808835,7,2021-03-08
"Georgia",2020-09-09,1.94999714944037,2.35695896117669,1.5691771819364,2.13725190019137,1.76206021705169,7,2021-03-08
"Georgia",2020-09-10,2.03896075423805,2.47996290545071,1.61870414177886,2.24679494002402,1.82641670851132,7,2021-03-08
"Georgia",2020-09-11,2.13841827452597,2.65173824482043,1.65169281632252,2.38064615885797,1.89270865793494,7,2021-03-08
"Georgia",2020-09-12,2.20708098652183,2.795237439989,1.66872524070015,2.47848813161178,1.93146984037274,7,2021-03-08
"Georgia",2020-09-13,2.15727623161389,2.68591007340802,1.6635454090865,2.40489207862641,1.90794897231626,7,2021-03-08
"Georgia",2020-09-14,2.07802310691596,2.54482212397453,1.64485962536546,2.29688522764246,1.85700064205725,7,2021-03-08
"Georgia",2020-09-15,1.98795768415438,2.40716392630477,1.61148386629754,2.18409232400381,1.79041772579921,7,2021-03-08
"Georgia",2020-09-16,1.89810364890851,2.28446876516742,1.54715177512035,2.07582019643274,1.71782591266508,7,2021-03-08
"Georgia",2020-09-17,1.80308762126672,2.16406876015316,1.45818929437642,1.97066349644084,1.6371481283176,7,2021-03-08
"Georgia",2020-09-18,1.72227712413769,2.07189015240593,1.37138144806673,1.8843318536989,1.56114020818704,7,2021-03-08
"Georgia",2020-09-19,1.65711934825301,2.00216789697145,1.2907910498389,1.81953823711492,1.49773093792672,7,2021-03-08
"Georgia",2020-09-20,1.6050671700212,1.94642603062949,1.22843191001923,1.76783476077971,1.44311822676097,7,2021-03-08
"Georgia",2020-09-21,1.56566214558159,1.90937515813341,1.18352531386142,1.72957557725479,1.40161991716551,7,2021-03-08
"Georgia",2020-09-22,1.54225354185699,1.88292994843635,1.16466514384309,1.7054753931512,1.38041853624343,7,2021-03-08
"Georgia",2020-09-23,1.52368287634906,1.863479991335,1.15450471084984,1.68736133280663,1.36070632297143,7,2021-03-08
"Georgia",2020-09-24,1.51368451797938,1.85080746701526,1.15310154252411,1.67559295393241,1.35172664520442,7,2021-03-08
"Georgia",2020-09-25,1.50176811985374,1.83588337135535,1.14178320264831,1.66179817247495,1.34069060799943,7,2021-03-08
"Georgia",2020-09-26,1.49143963224715,1.82976275313033,1.13463903351937,1.65059893759641,1.3302596139954,7,2021-03-08
"Georgia",2020-09-27,1.47992039764589,1.81986130434088,1.11855006309817,1.64050799274077,1.3194226267537,7,2021-03-08
"Georgia",2020-09-28,1.4700863070421,1.79966094916522,1.11132688331518,1.62796603414459,1.3094050463784,7,2021-03-08
"Georgia",2020-09-29,1.46727143815558,1.80821344549287,1.10706241406854,1.6252761282164,1.30618931981469,7,2021-03-08
"Georgia",2020-09-30,1.47457027893279,1.81308259042342,1.12583578470694,1.63272102950449,1.31606108788333,7,2021-03-08
"Georgia",2020-10-01,1.49106281592772,1.83389553799178,1.15102925163863,1.64966476263932,1.33186668020836,7,2021-03-08
"Georgia",2020-10-02,1.49006468657441,1.84254613277046,1.15399526375575,1.64801148608012,1.33240885471707,7,2021-03-08
"Georgia",2020-10-03,1.48115224182742,1.83075527115044,1.1382710285355,1.63984310375951,1.32364252822846,7,2021-03-08
"Georgia",2020-10-04,1.46913872096291,1.82198808066942,1.1235247759906,1.62907535362461,1.31208995213322,7,2021-03-08
"Georgia",2020-10-05,1.44230654784392,1.79144863585191,1.09914275889345,1.59899427432762,1.28416537347072,7,2021-03-08
"Georgia",2020-10-06,1.40555752183809,1.74430224374433,1.05087041936325,1.56575250495336,1.24583385248659,7,2021-03-08
"Georgia",2020-10-07,1.36822987987705,1.70622672666331,1.00451399785277,1.53211959823811,1.20453514384636,7,2021-03-08
"Georgia",2020-10-08,1.34150348712474,1.67845629902689,0.960133285866695,1.51161182771787,1.17344437816851,7,2021-03-08
"Georgia",2020-10-09,1.32913959971958,1.66360202585737,0.945033263501034,1.49999849997105,1.16034563109262,7,2021-03-08
"Georgia",2020-10-10,1.32267937345921,1.66342755776623,0.941922743954937,1.49214428819526,1.15426420249319,7,2021-03-08
"Georgia",2020-10-11,1.32455078635401,1.66378343787981,0.946649685287463,1.49211980712701,1.15531212210217,7,2021-03-08
"Georgia",2020-10-12,1.33837327405452,1.67313365880554,0.958470648713213,1.50207485083201,1.17336098994774,7,2021-03-08
"Georgia",2020-10-13,1.37435775683963,1.71022103822774,1.01449106267034,1.53327776532895,1.21380756919652,7,2021-03-08
"Georgia",2020-10-14,1.42130675303366,1.76849949862071,1.06691425327233,1.58031007118614,1.26399398297059,7,2021-03-08
"Georgia",2020-10-15,1.46677044984591,1.82167475610905,1.12583082564771,1.62881248284289,1.30617296055239,7,2021-03-08
"Georgia",2020-10-16,1.49041009464945,1.85584888309088,1.14888647129507,1.65040542599954,1.32994427557254,7,2021-03-08
"Georgia",2020-10-17,1.50931652973752,1.88371842270929,1.17133358023213,1.67173967457053,1.34591524063224,7,2021-03-08
"Georgia",2020-10-18,1.52886609724109,1.90719410829468,1.19226636058826,1.69575101949162,1.36245343186528,7,2021-03-08
"Georgia",2020-10-19,1.52904190012206,1.90375459076872,1.19802807385792,1.69396129436881,1.36373087156934,7,2021-03-08
"Georgia",2020-10-20,1.52357565418524,1.90073552845576,1.18998795496506,1.68588457232349,1.35953115299173,7,2021-03-08
"Georgia",2020-10-21,1.5247909516248,1.89554532682383,1.18963003047696,1.68944124034951,1.36001240469728,7,2021-03-08
"Georgia",2020-10-22,1.52512043625409,1.90201809899122,1.18305224505106,1.69335224513683,1.35818401440552,7,2021-03-08
"Georgia",2020-10-23,1.5124738375977,1.89522543871392,1.17270486726888,1.68058623505367,1.3444813103589,7,2021-03-08
"Georgia",2020-10-24,1.48802176991316,1.86565152402463,1.15420197112246,1.65435100280071,1.32204887218528,7,2021-03-08
"Georgia",2020-10-25,1.44584519309691,1.80991371626696,1.10752846249223,1.60703454836951,1.28297077710048,7,2021-03-08
"Georgia",2020-10-26,1.39980156422498,1.74537128933842,1.0525815041388,1.5593778051857,1.2385002067925,7,2021-03-08
"Georgia",2020-10-27,1.35481158400499,1.69647569982938,1.00370493662474,1.51237375436263,1.19415730822848,7,2021-03-08
"Georgia",2020-10-28,1.31457329894553,1.65272671010306,0.955192479272403,1.475075274211,1.15259714176876,7,2021-03-08
"Georgia",2020-10-29,1.28346964606723,1.62046625150742,0.915434162756937,1.44597846035569,1.11934774855354,7,2021-03-08
"Georgia",2020-10-30,1.26176225269802,1.6022570049713,0.888266197638101,1.42441470207626,1.09671385349297,7,2021-03-08
"Georgia",2020-10-31,1.24986308847872,1.59131782177558,0.878324575733801,1.41372457812755,1.08846801328553,7,2021-03-08
"Georgia",2020-11-01,1.25017655571226,1.58649338970616,0.882188949448879,1.41322926335946,1.08819315045696,7,2021-03-08
"Georgia",2020-11-02,1.25775756836813,1.60065484369065,0.900328758032705,1.41862112027485,1.09633798729983,7,2021-03-08
"Georgia",2020-11-03,1.26963291730593,1.61147370415235,0.92049843046466,1.42889403099946,1.11006111075182,7,2021-03-08
"Georgia",2020-11-04,1.28848560747995,1.63140699637266,0.937478826389173,1.44860099499444,1.12869761785703,7,2021-03-08
"Georgia",2020-11-05,1.30304526391976,1.64827076298768,0.959354850476891,1.45984883366738,1.14589688169745,7,2021-03-08
"Georgia",2020-11-06,1.31346913380019,1.66399908708254,0.973448456183645,1.47133977889836,1.15598828593879,7,2021-03-08
"Georgia",2020-11-07,1.31250640941147,1.66797310029513,0.972758357111606,1.47185219916338,1.15400495514049,7,2021-03-08
"Georgia",2020-11-08,1.30220271178691,1.65550749840126,0.968791603691829,1.46055131046316,1.14257426125752,7,2021-03-08
"Georgia",2020-11-09,1.28817728189896,1.63971815538011,0.949076493731753,1.44841166571046,1.12856094009557,7,2021-03-08
"Georgia",2020-11-10,1.27315501799201,1.62291191966561,0.931235761918491,1.43347115572761,1.11364188506579,7,2021-03-08
"Georgia",2020-11-11,1.25936355964396,1.60832711097074,0.913391756964253,1.42079533312914,1.10058213748069,7,2021-03-08
"Georgia",2020-11-12,1.2504960312167,1.60477117883168,0.909864940677751,1.40889090437057,1.09101027067762,7,2021-03-08
"Georgia",2020-11-13,1.24073267192857,1.59297389032976,0.896946025832653,1.40003751102144,1.08158669246174,7,2021-03-08
"Georgia",2020-11-14,1.22374847194395,1.57035072591026,0.876561025210915,1.38395322368842,1.06545346214364,7,2021-03-08
"Georgia",2020-11-15,1.20051576626049,1.54504588480111,0.850570311445111,1.35990001198185,1.04162407300221,7,2021-03-08
"Georgia",2020-11-16,1.18682354988968,1.53153172418772,0.84082297911495,1.34493085516046,1.02694258890843,7,2021-03-08
"Georgia",2020-11-17,1.17813505936375,1.52123268346848,0.827755036860082,1.33852997050375,1.0177433838411,7,2021-03-08
"Georgia",2020-11-18,1.17773279905284,1.52168955644909,0.833706572103961,1.33500003833106,1.01763674689922,7,2021-03-08
"Georgia",2020-11-19,1.17610850623655,1.52400415851601,0.829690489394948,1.33648383533207,1.01629982472244,7,2021-03-08
"Georgia",2020-11-20,1.17004122535817,1.51987036870264,0.823260618319177,1.32972538703478,1.0104304286732,7,2021-03-08
"Georgia",2020-11-21,1.1622497157856,1.51226853040925,0.812783322110863,1.32395649019443,1.00015044554715,7,2021-03-08
"Georgia",2020-11-22,1.15163078730041,1.50879649188071,0.800840797020296,1.31137646280947,0.989501608596335,7,2021-03-08
"Georgia",2020-11-23,1.13404551051147,1.48001941389588,0.781839699564398,1.29363559470967,0.97296502572541,7,2021-03-08
"Georgia",2020-11-24,1.11400302556436,1.46189357684247,0.756806848287531,1.27547159678211,0.952456176978459,7,2021-03-08
"Georgia",2020-11-25,1.10978526098416,1.45468157319138,0.751814729910533,1.27143733718475,0.946132958576319,7,2021-03-08
"Georgia",2020-11-26,1.1207527267997,1.47285866722233,0.775493402457682,1.28211252305058,0.95811194031514,7,2021-03-08
"Georgia",2020-11-27,1.1296878823889,1.493102429005,0.78662017722525,1.29201121881107,0.968346666315361,7,2021-03-08
"Georgia",2020-11-28,1.12115887883336,1.47452420740793,0.77480946001696,1.28411834106392,0.957712735282817,7,2021-03-08
"Georgia",2020-11-29,1.10510800561966,1.45999105875606,0.761210330413484,1.26569924639413,0.946534825698454,7,2021-03-08
"Georgia",2020-11-30,1.08295545551791,1.43626010565086,0.737808261775962,1.24315446502579,0.923671516781019,7,2021-03-08
"Georgia",2020-12-01,1.07882980895646,1.43020503024517,0.733644561966358,1.2385332826139,0.920119941356419,7,2021-03-08
"Georgia",2020-12-02,1.08035097608805,1.42938772112001,0.733853632375926,1.24073569141142,0.920955344206409,7,2021-03-08
"Georgia",2020-12-03,1.08398024588894,1.44078136814372,0.745225506946039,1.24577423200017,0.923686353869506,7,2021-03-08
"Georgia",2020-12-04,1.08465662564223,1.44802106749159,0.746327752762127,1.24856642933701,0.921258810363921,7,2021-03-08
"Georgia",2020-12-05,1.06940830093755,1.43239164061505,0.728133341846192,1.23308045371024,0.905725137132068,7,2021-03-08
"Georgia",2020-12-06,1.03427517223618,1.39333464542065,0.687808679679879,1.19703157334862,0.872683262235824,7,2021-03-08
"Georgia",2020-12-07,1.00268786714317,1.34572621528329,0.654719753212865,1.16430591049728,0.841576218283447,7,2021-03-08
"Georgia",2020-12-08,1.001620533132,1.35645577077127,0.657299262837407,1.16240446409195,0.839674509243195,7,2021-03-08
"Georgia",2020-12-09,0.987989252236166,1.34503420355094,0.648149981856739,1.14976180943883,0.827209070099035,7,2021-03-08
"Georgia",2020-12-10,0.96355742106428,1.31214462739399,0.619010821496782,1.12111506939564,0.804586030418326,7,2021-03-08
"Georgia",2020-12-11,0.930276325683448,1.27497692200651,0.591248298562216,1.08721451532662,0.773939826188518,7,2021-03-08
"Georgia",2020-12-12,0.89268072254091,1.23285237599706,0.550898442771459,1.05115620208787,0.735374872916348,7,2021-03-08
"Georgia",2020-12-13,0.852138635018087,1.1942578534263,0.493056643365844,1.01125791861524,0.690727843622631,7,2021-03-08
"Georgia",2020-12-14,0.826679348600017,1.16069513809725,0.46147040885601,0.989728350834657,0.664345490734304,7,2021-03-08
"Georgia",2020-12-15,0.836387673196776,1.18031428766665,0.48182643673244,0.994615435153791,0.676953655331073,7,2021-03-08
"Georgia",2020-12-16,0.82726650998154,1.16726254312145,0.472873833317234,0.986775163564094,0.666223713663398,7,2021-03-08
"Georgia",2020-12-17,0.809051341932362,1.14800632184512,0.450510767483939,0.970239972409234,0.646468477903212,7,2021-03-08
"Georgia",2020-12-18,0.788142491708149,1.12296061984855,0.429929847124763,0.947936198701454,0.626979892450249,7,2021-03-08
"Georgia",2020-12-19,0.768134719828827,1.10529317055354,0.405991223979625,0.92908426985938,0.606186496254505,7,2021-03-08
"Georgia",2020-12-20,0.741193967989885,1.07588690060021,0.371481062007511,0.906099422379893,0.578148582172822,7,2021-03-08
"Georgia",2020-12-21,0.729387074010834,1.06969555408699,0.356532027517643,0.895642692062068,0.563176539838396,7,2021-03-08
"Georgia",2020-12-22,0.750431962840627,1.0913690182118,0.390799899688282,0.910159691003062,0.588498894770493,7,2021-03-08
"Georgia",2020-12-23,0.744119203103821,1.09234798048659,0.385739588157392,0.90425965355097,0.581888770932493,7,2021-03-08
"Georgia",2020-12-24,0.728935511045641,1.06716536419762,0.371720926494986,0.891750199797889,0.566595136492973,7,2021-03-08
"Georgia",2020-12-25,0.713821248388079,1.04884289077348,0.349244439685057,0.874961120287063,0.550806990840192,7,2021-03-08
"Georgia",2020-12-26,0.699124932623893,1.03775525592576,0.331463764721168,0.86183656364494,0.533405379242741,7,2021-03-08
"Georgia",2020-12-27,0.683053839472866,1.0194420244046,0.314462728930263,0.84927685236998,0.516393501725002,7,2021-03-08
"Georgia",2020-12-28,0.680574303715751,1.01581339216315,0.312762199568408,0.845539691289554,0.515330524697876,7,2021-03-08
"Georgia",2020-12-29,0.710241271598728,1.04572903935372,0.350849494620045,0.871251211197124,0.546574960831415,7,2021-03-08
"Georgia",2020-12-30,0.716626826448686,1.05309942187175,0.360727788061774,0.874420448168074,0.554337924641599,7,2021-03-08
"Georgia",2020-12-31,0.709548496961377,1.04584795624637,0.348222893481567,0.86970486482967,0.545900201685107,7,2021-03-08
"Georgia",2021-01-01,0.695934463384205,1.03042920576561,0.318493316507619,0.862368602119555,0.531619079668667,7,2021-03-08
"Georgia",2021-01-02,0.692143144409809,1.02766776968476,0.301318425912008,0.860165444866063,0.523907837897724,7,2021-03-08
"Georgia",2021-01-03,0.722799815034243,1.06099642798574,0.345828918670073,0.887028656281287,0.559240976459587,7,2021-03-08
"Georgia",2021-01-04,0.784570974466482,1.13319935592992,0.430931557374481,0.942634425445884,0.625804671824341,7,2021-03-08
"Georgia",2021-01-05,0.876027111271827,1.2530504854562,0.537020402127657,1.03970919499266,0.712350826689862,7,2021-03-08
"Georgia",2021-01-06,0.898440289619093,1.28267832355594,0.562557327925502,1.06310962562892,0.732548679514158,7,2021-03-08
"Georgia",2021-01-07,0.896160560782814,1.26326881976336,0.557390525698642,1.05834178380099,0.733322573006105,7,2021-03-08
"Georgia",2021-01-08,0.879980848604095,1.24090359340557,0.538865678695679,1.04106240470059,0.720834498934642,7,2021-03-08
"Georgia",2021-01-09,0.907541249403308,1.27947120941821,0.570478225038017,1.07180003727407,0.744154558001259,7,2021-03-08
"Georgia",2021-01-10,0.891322128383498,1.25259293162616,0.554310827972144,1.05260552766317,0.729887394488418,7,2021-03-08
"Georgia",2021-01-11,0.88328945090884,1.24310982324196,0.540546933710871,1.0448627040528,0.721067335978179,7,2021-03-08
"Georgia",2021-01-12,0.913331942431015,1.29023340666902,0.571966310066628,1.07999843393544,0.747987874064163,7,2021-03-08
"Georgia",2021-01-13,0.906267168915233,1.27602038072288,0.564664678794733,1.0711391969492,0.741032080868984,7,2021-03-08
"Georgia",2021-01-14,0.881499152085474,1.24267768351665,0.544093465150972,1.04336953195326,0.719133736921978,7,2021-03-08
"Georgia",2021-01-15,0.852312750347159,1.20618161044921,0.506942649719637,1.01249761673452,0.692597470659156,7,2021-03-08
"Georgia",2021-01-16,0.825579712252242,1.16583116743808,0.473039481855619,0.986334095107629,0.666439712825859,7,2021-03-08
"Georgia",2021-01-17,0.791846665628339,1.13039515932435,0.434179860818388,0.952453325940922,0.629351454368232,7,2021-03-08
"Georgia",2021-01-18,0.772300258180773,1.11484015485574,0.402857662083182,0.935758060337905,0.611830399487004,7,2021-03-08
"Georgia",2021-01-19,0.804099699446772,1.14547987953724,0.459266285387321,0.963907929403355,0.644394232386624,7,2021-03-08
"Georgia",2021-01-20,0.790475469207751,1.13162628759266,0.433313319233055,0.950038789331035,0.632058234545603,7,2021-03-08
"Georgia",2021-01-21,0.803877520433658,1.15207920781187,0.458194709738188,0.963615965131198,0.644508774632247,7,2021-03-08
"Georgia",2021-01-22,0.798754541714771,1.14631220530678,0.448297314115368,0.956894022753946,0.637615252826282,7,2021-03-08
"Georgia",2021-01-23,0.788764447749027,1.13282475444788,0.437189253126754,0.946947158057727,0.630246239688237,7,2021-03-08
"Georgia",2021-01-24,0.768135160572916,1.10887006821335,0.413992986323058,0.92759069296407,0.607532807234631,7,2021-03-08
"Georgia",2021-01-25,0.763075911838781,1.10313379357977,0.407601102396587,0.922561079468387,0.603231804478834,7,2021-03-08
"Georgia",2021-01-26,0.790796201583691,1.13137907963268,0.447169380589655,0.94710812880642,0.631428384711339,7,2021-03-08
"Georgia",2021-01-27,0.793253266564842,1.13577439745891,0.447966006613818,0.946987556036678,0.63868702799481,7,2021-03-08
"Georgia",2021-01-28,0.791179808342676,1.12905731271846,0.445347062935147,0.948814265493464,0.633600049858259,7,2021-03-08
"Georgia",2021-01-29,0.787337442675443,1.12782644805368,0.446034813877833,0.943924477444753,0.628053106930651,7,2021-03-08
"Georgia",2021-01-30,0.782840125198611,1.12357289013219,0.429988305820631,0.93978104960804,0.623904031112349,7,2021-03-08
"Georgia",2021-01-31,0.775398610727936,1.11748206102294,0.418844225037022,0.934586084017835,0.615466277749027,7,2021-03-08
"Georgia",2021-02-01,0.781766542603752,1.12338239766777,0.423702046533982,0.938597671784874,0.624539804294457,7,2021-03-08
"Georgia",2021-02-02,0.820153473480996,1.16606744851218,0.472122702007754,0.977165391791027,0.661792291538708,7,2021-03-08
"Georgia",2021-02-03,0.827386909408431,1.17825794192051,0.484974778926422,0.983750127139664,0.668983190126568,7,2021-03-08
"Georgia",2021-02-04,0.822079512426465,1.165527614775,0.476023354848644,0.979116596768776,0.662861731226554,7,2021-03-08
"Georgia",2021-02-05,0.818519138236697,1.16770903822854,0.471535114139081,0.975221325260547,0.659666926514645,7,2021-03-08
"Georgia",2021-02-06,0.818910937813433,1.1626061837774,0.474306820818898,0.976899307353051,0.661294225720694,7,2021-03-08
"Georgia",2021-02-07,0.811311872920105,1.15781514633823,0.465008049404303,0.968263550326011,0.651467326131258,7,2021-03-08
"Georgia",2021-02-08,0.817808936903668,1.16290026973454,0.466204246752193,0.976709015660495,0.659061540372152,7,2021-03-08
"Georgia",2021-02-09,0.861929009513086,1.2215288380054,0.520002507816556,1.02164157029492,0.701293007010925,7,2021-03-08
"Georgia",2021-02-10,0.86037192690552,1.21815440938216,0.519743637868738,1.01864757659812,0.701929659745677,7,2021-03-08
"Georgia",2021-02-11,0.857257085235477,1.20953081396683,0.518903817957934,1.01866753567953,0.697597235502308,7,2021-03-08
"Georgia",2021-02-12,0.850062710176904,1.20291160098134,0.503331375943481,1.01104942127922,0.68967911977301,7,2021-03-08
"Georgia",2021-02-13,0.839224551771598,1.18873537042974,0.488404813884972,1.0018879570689,0.67984495853725,7,2021-03-08
"Georgia",2021-02-14,0.823682664192866,1.16073435929801,0.474391730614811,0.984897887462291,0.664156389512844,7,2021-03-08
"Georgia",2021-02-15,0.821759503302448,1.17227546333454,0.468390212833585,0.98160484036303,0.661835707122237,7,2021-03-08
"Georgia",2021-02-16,0.859639294293909,1.21531713042599,0.516712000657319,1.02144049768715,0.700500002123596,7,2021-03-08
"Georgia",2021-02-17,0.846827635550997,1.19734095526414,0.499593628439418,1.00431054516742,0.687426113586312,7,2021-03-08
"Georgia",2021-02-18,0.827799937774922,1.17541947143708,0.470176196298086,0.988342610144273,0.669085272436495,7,2021-03-08
"Georgia",2021-02-19,0.818298757611109,1.15854096196142,0.462010481696379,0.977894287916613,0.65915044959986,7,2021-03-08
"Georgia",2021-02-20,0.809553451095606,1.15148651210512,0.449815387418057,0.970839746024472,0.650707793925633,7,2021-03-08
"Georgia",2021-02-21,0.799278668309638,1.137499897859,0.437219267231433,0.959392833750808,0.639249061626478,7,2021-03-08
"Georgia",2021-02-22,0.805864518500074,1.14980335269011,0.446601574189787,0.968080863042985,0.644944684755593,7,2021-03-08
"Georgia",2021-02-23,0.847507606022673,1.19629745260688,0.502853600900215,1.00785230477421,0.688128797487338,7,2021-03-08
"Georgia",2021-02-24,0.86034811389281,1.21948465322294,0.514170967877395,1.02341308335417,0.698539203147362,7,2021-03-08
"Georgia",2021-02-25,0.856741998382952,1.20565547452454,0.511808715470174,1.01833687009355,0.697761785265724,7,2021-03-08
"Georgia",2021-02-26,0.85163438890455,1.19749113882694,0.506846832315777,1.01307460123927,0.68848693860832,7,2021-03-08
"Georgia",2021-02-27,0.84808182362607,1.20052585821829,0.493974604271662,1.01011210743782,0.685437330079966,7,2021-03-08
"Georgia",2021-02-28,0.837751029811334,1.1845028183998,0.482121517698582,1.00019349242186,0.673524380965143,7,2021-03-08
"Georgia",2021-03-01,0.84343186683097,1.19889728991922,0.482920387766482,1.00804273363391,0.67718473834902,7,2021-03-08
"Georgia",2021-03-02,0.880042194462766,1.24391578773601,0.516040622408624,1.04890321015161,0.711784820085577,7,2021-03-08
"Georgia",2021-03-03,0.880691478879678,1.25175971649095,0.511052133943608,1.05267950823862,0.707256127558363,7,2021-03-08
"Georgia",2021-03-04,0.87390866006811,1.25864944218066,0.48394226170275,1.05230618894653,0.696521249308395,7,2021-03-08
"Georgia",2021-03-05,0.90389699757948,1.32707102008735,0.498608239306911,1.09619449282024,0.70985621235714,7,2021-03-08
"Georgia",2021-03-06,0.912763947856106,1.37718488137547,0.465005001604313,1.12442884366078,0.7013230400399,7,2021-03-08
